linenum,url
1,https://www.njuskalo.hr/nekretnine/stan-kutina-94.00-m2-3-soban-terasa-garaza-vrt-prodaja-oglas-40445259
2,https://www.njuskalo.hr/nekretnine/topusko-trosobni-stan-centru-94.4-m2-oglas-41631580
3,https://www.njuskalo.hr/nekretnine/stan-kutina-novogradnja-79-m2-vpr-3.5-sprem-vpm-oglas-40473256
4,https://www.njuskalo.hr/nekretnine/stan-kutina-novogradnja-79-m2-1-kat-3.5-sprem-vpm-oglas-40473255
5,https://www.njuskalo.hr/nekretnine/stan-oglas-40945359
6,https://www.njuskalo.hr/nekretnine/stan-sisak-36.90-m2-drazba-oglas-42147191
7,https://www.njuskalo.hr/nekretnine/stan-petrinja-65.00-m2-oglas-41308495
8,https://www.njuskalo.hr/nekretnine/stan-sisku-60.05-m2-brzaj-oglas-41638892
9,https://www.njuskalo.hr/nekretnine/stan-kutina-prvi-kat-oglas-40292257
10,https://www.njuskalo.hr/nekretnine/stan-sisak-67.00-m2-oglas-41997385
11,https://www.njuskalo.hr/nekretnine/stan-popovaca-7520.00-m2-novogradnja-oglas-41988410
12,https://www.njuskalo.hr/nekretnine/stan-sisak-49.00-m2-oglas-41105344
13,https://www.njuskalo.hr/nekretnine/stan-sisak-58.00-m2-oglas-41815596
14,https://www.njuskalo.hr/nekretnine/predivan-stan-sisku-51.4-m2-99.500-oglas-40889146
15,https://www.njuskalo.hr/nekretnine/3-sobni-stan-sisak-capragu-zeljezara-oglas-41735467
16,https://www.njuskalo.hr/nekretnine/stan-sisak-46.00-m2-oglas-41722528
17,https://www.njuskalo.hr/nekretnine/stan-sisak-57.00-m2-oglas-41670381
18,https://www.njuskalo.hr/nekretnine/stan-sisak-oglas-41137136
19,https://www.njuskalo.hr/nekretnine/prodaje-se-dvosobni-stan-sisku-odlicnoj-lokaciji-oglas-41624274
20,https://www.njuskalo.hr/nekretnine/prodajem-stan-62-m2-sisak-trg-mestrovica-22-tel-0955885718-oglas-41505842
21,https://www.njuskalo.hr/nekretnine/stan-sisak-35.00-m2-oglas-41574719
22,https://www.njuskalo.hr/nekretnine/stan-kutina-novogradnja-80.30-m2-vpr-3.5-sprem-vpm-oglas-40473257
23,https://www.njuskalo.hr/nekretnine/stan-kutina-novogradnja-81.70-m2-dvoetazni-2.5-sprem-vpm-oglas-40473254
24,https://www.njuskalo.hr/nekretnine/dvosoban-stan-sisak-centar-48-m2-4-kat-oglas-41281571
25,https://www.njuskalo.hr/nekretnine/stan-novska-62.09-m2-oglas-41130212
26,https://www.njuskalo.hr/nekretnine/prodajem-stan-105m2-crvena-naljepnica-rusenje-oglas-39458261
27,https://www.njuskalo.hr/nekretnine/stan-sisak-80.00-m2-oglas-41061909
28,https://www.njuskalo.hr/nekretnine/stan-sisak-32.00-m2-oglas-40884696
29,https://www.njuskalo.hr/nekretnine/stan-zeljezara-49-m2-oglas-40641109
30,https://www.njuskalo.hr/nekretnine/trosobni-stan-prizemlju-63m2-oglas-40433314
31,https://www.njuskalo.hr/nekretnine/stan-kutina-80.00-m2-novogradnja-oglas-40377871
32,https://www.njuskalo.hr/nekretnine/stan-petrinja-44.00-m2-oglas-40246658
33,https://www.njuskalo.hr/nekretnine/stan-sisak-54.00-m2-oglas-39607871
34,https://www.njuskalo.hr/nekretnine/stan-sisak-74.00-m2-oglas-39463138
35,https://www.njuskalo.hr/nekretnine/stan-petrinja-58.00-m2-oglas-38629296
36,https://www.njuskalo.hr/nekretnine/stan-prodaja-centar-51.5m2-oglas-34830008
37,https://www.njuskalo.hr/nekretnine/stan-sisak-167.90-m2-oglas-26492151
38,https://www.njuskalo.hr/nekretnine/stan-sisak-154.00-m2-oglas-30299995
39,https://www.njuskalo.hr/nekretnine/stan-sisak-80.58-m2-oglas-27516883
40,https://www.njuskalo.hr/nekretnine/stan-sisak-61.12-m2-oglas-27517179
